Workbook

Sheet Sheet4
A3: Row Labels | B3: Sum of amount_usd
A4: APAC | B4: 82229
A5: Alpha Mart | B5: 40698
A6: CAPTURED | B6: 29928.5
A7: chargeback | B7: 5355
A8: Failed E05 Timeout | B8: 5414.5
A9: Beta Stores | B9: 41531
A10: CAPTURED | B10: 33141.5
A11: chargeback | B11: 1725.5
A12: Failed E05 Timeout | B12: 6664
A13: EU | B13: 18792
A14: City Pharma | B14: 8640
A15: CAPTURED | B15: 8640
... A24: Grand Total | B24: 115621

Sheet Transactions
A1: transaction_id | B1: transaction_date | C1: merchant_name | D1: raw_amount | E1: currency | F1: status | G1: risk_score | H1: gateway_region | I1: user_id | J1: payment_method | K1: amount_usd | L1: region | M1: Merchant id | N1: high_value_flag | O1: high_risk_flag
A2: T001 | B2: 46082 | C2: Alpha Mart | D2: 420000 | E2: INR | F2: CAPTURED | G2: 62 | H2: APAC | I2: U001 | J2: UPI | K2: =D2*VLOOKUP(E2,Rates!B:C,2,0) -> 4998 | L2: =VLOOKUP(C2,Merchants!$B$1:$E$6,4,0) -> APAC | M2: M001 | N2: =IF(OR(AND(L:L="APAC", K:K> 5000), AND(L:L="EU", K:K> 6000), AND(L:L="US", K:K> 7000)), 1, 0) -> 0 | O2: =IF(OR(G2>=70, F2="CHARGEBACK"), 1, 0) -> 0
A3: T002 | B3: 46082 | C3: Alpha Mart | D3: 210000 | E3: INR | F3: CAPTURED | G3: 55 | I3: U002 | J3: Card | K3: =D3*VLOOKUP(E3,Rates!$B$1:$C$19,2,FALSE) -> 2499 | L3: =VLOOKUP(C3,Merchants!$B$1:$E$6,4,0) -> APAC | M3: M001 | N3: =IF(OR(AND(L:L="APAC", K:K> 5000), AND(L:L="EU", K:K> 6000), AND(L:L="US", K:K> 7000)), 1, 0) -> 0 | O3: =IF(OR(G3>=70, F3="CHARGEBACK"), 1, 0) -> 0
A4: T003 | B4: 46082 | C4: Beta Stores | D4: 510000 | E4: INR | F4: CAPTURED | G4: 71 | H4: APAC | I4: U003 | J4: NetBanking | K4: =D4*VLOOKUP(E4,Rates!$B$1:$C$19,2,FALSE) -> 6069 | L4: =VLOOKUP(C4,Merchants!$B$1:$E$6,4,0) -> APAC | M4: M002 | N4: =IF(OR(AND(L:L="APAC", K:K> 5000), AND(L:L="EU", K:K> 6000), AND(L:L="US", K:K> 7000)), 1, 0) -> 1 | O4: =IF(OR(G4>=70, F4="CHARGEBACK"), 1, 0) -> 1
A5: T004 | B5: 46083 | C5: Beta Stores | D5: 160000 | E5: INR | F5: FAILED | G5: 68 | H5: APAC | I5: U004 | J5: Card | K5: =D5*VLOOKUP(E5,Rates!$B$1:$C$19,2,FALSE) -> 1904 | L5: =VLOOKUP(C5,Merchants!$B$1:$E$6,4,0) -> APAC | M5: M002 | N5: =IF(OR(AND(L:L="APAC", K:K> 5000), AND(L:L="EU", K:K> 6000), AND(L:L="US", K:K> 7000)), 1, 0) -> 0 | O5: =IF(OR(G5>=70, F5="CHARGEBACK"), 1, 0) -> 0
A6: T005 | B6: 46083 | C6: Alpha Mart | D6: 390000 | E6: INR | F6: CAPTURED | G6: 58 | I6: U001 | J6: UPI | K6: =D6*VLOOKUP(E6,Rates!$B$1:$C$19,2,FALSE) -> 4641 | L6: =VLOOKUP(C6,Merchants!$B$1:$E$6,4,0) -> APAC | M6: M001 | N6: =IF(OR(AND(L:L="APAC", K:K> 5000), AND(L:L="EU", K:K> 6000), AND(L:L="US", K:K> 7000)), 1, 0) -> 0 | O6: =IF(OR(G6>=70, F6="CHARGEBACK"), 1, 0) -> 0
A7: T006 | B7: 46083 | C7: Beta Stores | D7: 275000 | E7: INR | F7: CAPTURED | G7: 64 | I7: U005 | J7: Wallet | K7: =D7*VLOOKUP(E7,Rates!$B$1:$C$19,2,FALSE) -> 3272.5 | L7: =VLOOKUP(C7,Merchants!$B$1:$E$6,4,0) -> APAC | M7: M002 | N7: =IF(OR(AND(L:L="APAC", K:K> 5000), AND(L:L="EU", K:K> 6000), AND(L:L="US", K:K> 7000)), 1, 0) -> 0 | O7: =IF(OR(G7>=70, F7="CHARGEBACK"), 1, 0) -> 0
A8: T007 | B8: 46083 | C8: Alpha Mart | D8: 450000 | E8: INR | F8: CHARGEBACK | G8: 83 | H8: APAC | I8: U006 | J8: Card | K8: =D8*VLOOKUP(E8,Rates!$B$1:$C$19,2,FALSE) -> 5355 | L8: =VLOOKUP(C8,Merchants!$B$1:$E$6,4,0) -> APAC | M8: M001 | N8: =IF(OR(AND(L:L="APAC", K:K> 5000), AND(L:L="EU", K:K> 6000), AND(L:L="US", K:K> 7000)), 1, 0) -> 1 | O8: =IF(OR(G8>=70, F8="CHARGEBACK"), 1, 0) -> 1
A9: T008 | B9: 46084 | C9: Beta Stores | D9: 340000 | E9: INR | F9: CAPTURED | G9: 59 | I9: U007 | J9: UPI | K9: =D9*VLOOKUP(E9,Rates!$B$1:$C$19,2,FALSE) -> 4046 | L9: =VLOOKUP(C9,Merchants!$B$1:$E$6,4,0) -> APAC | M9: M002 | N9: =IF(OR(AND(L:L="APAC", K:K> 5000), AND(L:L="EU", K:K> 6000), AND(L:L="US", K:K> 7000)), 1, 0) -> 0 | O9: =IF(OR(G9>=70, F9="CHARGEBACK"), 1, 0) -> 0
A10: T009 | B10: 46084 | C10: Alpha Mart | D10: 125000 | E10: INR | F10: CAPTURED | G10: 46 | H10: APAC | I10: U002 | J10: Wallet | K10: =D10*VLOOKUP(E10,Rates!$B$1:$C$19,2,FALSE) -> 1487.5 | L10: =VLOOKUP(C10,Merchants!$B$1:$E$6,4,0) -> APAC | M10: M001 | N10: =IF(OR(AND(L:L="APAC", K:K> 5000), AND(L:L="EU", K:K> 6000), AND(L:L="US", K:K> 7000)), 1, 0) -> 0 | O10: =IF(OR(G10>=70, F10="CHARGEBACK"), 1, 0) -> 0
A11: T010 | B11: 46084 | C11: Beta Stores | D11: 610000 | E11: INR | F11: CAPTURED | G11: 77 | I11: U003 | J11: Card | K11: =D11*VLOOKUP(E11,Rates!$B$1:$C$19,2,FALSE) -> 7259 | L11: =VLOOKUP(C11,Merchants!$B$1:$E$6,4,0) -> APAC | M11: M002 | N11: =IF(OR(AND(L:L="APAC", K:K> 5000), AND(L:L="EU", K:K> 6000), AND(L:L="US", K:K> 7000)), 1, 0) -> 1 | O11: =IF(OR(G11>=70, F11="CHARGEBACK"), 1, 0) -> 1
A12: T011 | B12: 46084 | C12: Alpha Mart | D12: 195000 | E12: INR | F12: FAILED | I12: U008 | J12: UPI | K12: =D12*VLOOKUP(E12,Rates!$B$1:$C$19,2,FALSE) -> 2320.5 | L12: =VLOOKUP(C12,Merchants!$B$1:$E$6,4,0) -> APAC | M12: M001 | N12: =IF(OR(AND(L:L="APAC", K:K> 5000), AND(L:L="EU", K:K> 6000), AND(L:L="US", K:K> 7000)), 1, 0) -> 0 | O12: =IF(OR(G12>=70, F12="CHARGEBACK"), 1, 0) -> 0
A13: T012 | B13: 46085 | C13: Beta Stores | D13: 250000 | E13: INR | F13: CAPTURED | G13: 61 | H13: APAC | I13: U009 | J13: Card | K13: =D13*VLOOKUP(E13,Rates!$B$1:$C$19,2,FALSE) -> 2975 | L13: =VLOOKUP(C13,Merchants!$B$1:$E$6,4,0) -> APAC | M13: M002 | N13: =IF(OR(AND(L:L="APAC", K:K> 5000), AND(L:L="EU", K:K> 6000), AND(L:L="US", K:K> 7000)), 1, 0) -> 0 | O13: =IF(OR(G13>=70, F13="CHARGEBACK"), 1, 0) -> 0
A14: T013 | B14: 46085 | C14: Alpha Mart | D14: 310000 | E14: INR | F14: CAPTURED | G14: 54 | H14: APAC | I14: U010 | J14: UPI | K14: =D14*VLOOKUP(E14,Rates!$B$1:$C$19,2,FALSE) -> 3689 | L14: =VLOOKUP(C14,Merchants!$B$1:$E$6,4,0) -> APAC | M14: M001 | N14: =IF(OR(AND(L:L="APAC", K:K> 5000), AND(L:L="EU", K:K> 6000), AND(L:L="US", K:K> 7000)), 1, 0) -> 0 | O14: =IF(OR(G14>=70, F14="CHARGEBACK"), 1, 0) -> 0
A15: T014 | B15: 46085 | C15: Beta Stores | D15: 470000 | E15: INR | F15: CAPTURED | G15: 73 | H15: APAC | I15: U001 | J15: NetBanking | K15: =D15*VLOOKUP(E15,Rates!$B$1:$C$19,2,FALSE) -> 5593 | L15: =VLOOKUP(C15,Merchants!$B$1:$E$6,4,0) -> APAC | M15: M002 | N15: =IF(OR(AND(L:L="APAC", K:K> 5000), AND(L:L="EU", K:K> 6000), AND(L:L="US", K:K> 7000)), 1, 0) -> 1 | O15: =IF(OR(G15>=70, F15="CHARGEBACK"), 1, 0) -> 1
A16: T015 | B16: 46085 | C16: Alpha Mart | D16: 130000 | E16: INR | F16: CAPTURED | G16: 52 | I16: U002 | J16: Card | K16: =D16*VLOOKUP(E16,Rates!$B$1:$C$19,2,FALSE) -> 1547 | L16: =VLOOKUP(C16,Merchants!$B$1:$E$6,4,0) -> APAC | M16: M001 | N16: =IF(OR(AND(L:L="APAC", K:K> 5000), AND(L:L="EU", K:K> 6000), AND(L:L="US", K:K> 7000)), 1, 0) -> 0 | O16: =IF(OR(G16>=70, F16="CHARGEBACK"), 1, 0) -> 0
A17: T016 | B17: 46086 | C17: Beta Stores | D17: 220000 | E17: INR | F17: FAILED | G17: 69 | I17: U008 | J17: Card | K17: =D17*VLOOKUP(E17,Rates!$B$1:$C$19,2,FALSE) -> 2618 | L17: =VLOOKUP(C17,Merchants!$B$1:$E$6,4,0) -> APAC | M17: M002 | N17: =IF(OR(AND(L:L="APAC", K:K> 5000), AND(L:L="EU", K:K> 6000), AND(L:L="US", K:K> 7000)), 1, 0) -> 0 | O17: =IF(OR(G17>=70, F17="CHARGEBACK"), 1, 0) -> 0
A18: T017 | B18: 46086 | C18: Beta Stores | D18: 180000 | E18: INR | F18: FAILED | G18: 72 | H18: APAC | I18: U008 | J18: Card | K18: =D18*VLOOKUP(E18,Rates!$B$1:$C$19,2,FALSE) -> 2142 | L18: =VLOOKUP(C18,Merchants!$B$1:$E$6,4,0) -> APAC | M18: M002 | N18: =IF(OR(AND(L:L="APAC", K:K> 5000), AND(L:L="EU", K:K> 6000), AND(L:L="US", K:K> 7000)), 1, 0) -> 0 | O18: =IF(OR(G18>=70, F18="CHARGEBACK"), 1, 0) -> 1
A19: T018 | B19: 46086 | C19: Beta Stores | D19: 145000 | E19: INR | F19: CHARGEBACK | G19: 86 | H19: APAC | I19: U008 | J19: UPI | K19: =D19*VLOOKUP(E19,Rates!$B$1:$C$19,2,FALSE) -> 1725.5 | L19: =VLOOKUP(C19,Merchants!$B$1:$E$6,4,0) -> APAC | M19: M002 | N19: =IF(OR(AND(L:L="APAC", K:K> 5000), AND(L:L="EU", K:K> 6000), AND(L:L="US", K:K> 7000)), 1, 0) -> 0 | O19: =IF(OR(G19>=70, F19="CHARGEBACK"), 1, 0) -> 1
A20: T019 | B20: 46086 | C20: Alpha Mart | D20: 260000 | E20: INR | F20: FAILED | G20: 67 | H20: APAC | I20: U008 | J20: Wallet | K20: =D20*VLOOKUP(E20,Rates!$B$1:$C$19,2,FALSE) -> 3094 | L20: =VLOOKUP(C20,Merchants!$B$1:$E$6,4,0) -> APAC | M20: M001 | N20: =IF(OR(AND(L:L="APAC", K:K> 5000), AND(L:L="EU", K:K> 6000), AND(L:L="US", K:K> 7000)), 1, 0) -> 0 | O20: =IF(OR(G20>=70, F20="CHARGEBACK"), 1, 0) -> 0
A21: T020 | B21: 46086 | C21: Alpha Mart | D21: 520000 | E21: INR | F21: CAPTURED | G21: 75 | H21: APAC | I21: U005 | J21: UPI | K21: =D21*VLOOKUP(E21,Rates!$B$1:$C$19,2,FALSE) -> 6188 | L21: =VLOOKUP(C21,Merchants!$B$1:$E$6,4,0) -> APAC | M21: M001 | N21: =IF(OR(AND(L:L="APAC", K:K> 5000), AND(L:L="EU", K:K> 6000), AND(L:L="US", K:K> 7000)), 1, 0) -> 1 | O21: =IF(OR(G21>=70, F21="CHARGEBACK"), 1, 0) -> 1
A22: T021 | B22: 46087 | C22: Beta Stores | D22: 330000 | E22: INR | F22: CAPTURED | G22: 63 | I22: U006 | J22: Card | K22: =D22*VLOOKUP(E22,Rates!$B$1:$C$19,2,FALSE) -> 3927 | L22: =VLOOKUP(C22,Merchants!$B$1:$E$6,4,0) -> APAC | M22: M002 | N22: =IF(OR(AND(L:L="APAC", K:K> 5000), AND(L:L="EU", K:K> 6000), AND(L:L="US", K:K> 7000)), 1, 0) -> 0 | O22: =IF(OR(G22>=70, F22="CHARGEBACK"), 1, 0) -> 0
A23: T022 | B23: 46087 | C23: Alpha Mart | D23: 410000 | E23: INR | F23: CAPTURED | G23: 60 | H23: APAC | I23: U007 | J23: UPI | K23: =D23*VLOOKUP(E23,Rates!$B$1:$C$19,2,FALSE) -> 4879 | L23: =VLOOKUP(C23,Merchants!$B$1:$E$6,4,0) -> APAC | M23: M001 | N23: =IF(OR(AND(L:L="APAC", K:K> 5000), AND(L:L="EU", K:K> 6000), AND(L:L="US", K:K> 7000)), 1, 0) -> 0 | O23: =IF(OR(G23>=70, F23="CHARGEBACK"), 1, 0) -> 0
A24: T023 | B24: 46082 | C24: City Pharma | D24: 5200 | E24: EUR | F24: CAPTURED | G24: 42 | H24: EU | I24: U003 | J24: Card | K24: =D24*VLOOKUP(E24,Rates!$B$1:$C$19,2,FALSE) -> 5616 | L24: =VLOOKUP(C24,Merchants!$B$1:$E$6,4,0) -> EU | M24: M003 | N24: =IF(OR(AND(L:L="APAC", K:K> 5000), AND(L:L="EU", K:K> 6000), AND(L:L="US", K:K> 7000)), 1, 0) -> 0 | O24: =IF(OR(G24>=70, F24="CHARGEBACK"), 1, 0) -> 0
A25: T024 | B25: 46083 | C25: Eco Home | D25: 6100 | E25: EUR | F25: CHARGEBACK | G25: 65 | H25: EU | I25: U004 | J25: Card | K25: =D25*VLOOKUP(E25,Rates!$B$1:$C$19,2,FALSE) -> 6588 | L25: =VLOOKUP(C25,Merchants!$B$1:$E$6,4,0) -> EU | M25: M005 | N25: =IF(OR(AND(L:L="APAC", K:K> 5000), AND(L:L="EU", K:K> 6000), AND(L:L="US", K:K> 7000)), 1, 0) -> 1 | O25: =IF(OR(G25>=70, F25="CHARGEBACK"), 1, 0) -> 1
A26: T025 | B26: 46084 | C26: City Pharma | D26: 2800 | E26: EUR | F26: CAPTURED | G26: 38 | H26: EU | I26: U005 | J26: Wallet | K26: =D26*VLOOKUP(E26,Rates!$B$1:$C$19,2,FALSE) -> 3024 | L26: =VLOOKUP(C26,Merchants!$B$1:$E$6,4,0) -> EU | M26: M003 | N26: =IF(OR(AND(L:L="APAC", K:K> 5000), AND(L:L="EU", K:K> 6000), AND(L:L="US", K:K> 7000)), 1, 0) -> 0 | O26: =IF(OR(G26>=70, F26="CHARGEBACK"), 1, 0) -> 0
A27: T026 | B27: 46086 | C27: Eco Home | D27: 3300 | E27: EUR | F27: FAILED | G27: 44 | H27: EU | I27: U006 | J27: NetBanking | K27: =D27*VLOOKUP(E27,Rates!$B$1:$C$19,2,FALSE) -> 3564 | L27: =VLOOKUP(C27,Merchants!$B$1:$E$6,4,0) -> EU | M27: M005 | N27: =IF(OR(AND(L:L="APAC", K:K> 5000), AND(L:L="EU", K:K> 6000), AND(L:L="US", K:K> 7000)), 1, 0) -> 0 | O27: =IF(OR(G27>=70, F27="CHARGEBACK"), 1, 0) -> 0
A28: T027 | B28: 46082 | C28: Delta Travels | D28: 7200 | E28: USD | F28: CAPTURED | G28: 49 | H28: US | I28: U007 | J28: Card | K28: =D28*VLOOKUP(E28,Rates!$B$1:$C$19,2,FALSE) -> 7200 | L28: =VLOOKUP(C28,Merchants!$B$1:$E$6,4,0) -> US | M28: M004 | N28: =IF(OR(AND(L:L="APAC", K:K> 5000), AND(L:L="EU", K:K> 6000), AND(L:L="US", K:K> 7000)), 1, 0) -> 1 | O28: =IF(OR(G28>=70, F28="CHARGEBACK"), 1, 0) -> 0
A29: T028 | B29: 46083 | C29: Delta Travels | D29: 3100 | E29: USD | F29: CAPTURED | G29: 41 | H29: US | I29: U008 | J29: Card | K29: =D29*VLOOKUP(E29,Rates!$B$1:$C$19,2,FALSE) -> 3100 | L29: =VLOOKUP(C29,Merchants!$B$1:$E$6,4,0) -> US | M29: M004 | N29: =IF(OR(AND(L:L="APAC", K:K> 5000), AND(L:L="EU", K:K> 6000), AND(L:L="US", K:K> 7000)), 1, 0) -> 0 | O29: =IF(OR(G29>=70, F29="CHARGEBACK"), 1, 0) -> 0
A30: T029 | B30: 46085 | C30: Delta Travels | D30: 2500 | E30: USD | F30: CHARGEBACK | G30: 58 | H30: US | I30: U009 | J30: Wallet | K30: =D30*VLOOKUP(E30,Rates!$B$1:$C$19,2,FALSE) -> 2500 | L30: =VLOOKUP(C30,Merchants!$B$1:$E$6,4,0) -> US | M30: M004 | N30: =IF(OR(AND(L:L="APAC", K:K> 5000), AND(L:L="EU", K:K> 6000), AND(L:L="US", K:K> 7000)), 1, 0) -> 0 | O30: =IF(OR(G30>=70, F30="CHARGEBACK"), 1, 0) -> 1
A31: T030 | B31: 46087 | C31: Delta Travels | D31: 1800 | E31: USD | F31: FAILED | G31: 47 | H31: US | I31: U010 | J31: UPI | K31: =D31*VLOOKUP(E31,Rates!$B$1:$C$19,2,FALSE) -> 1800 | L31: =VLOOKUP(C31,Merchants!$B$1:$E$6,4,0) -> US | M31: M004 | N31: =IF(OR(AND(L:L="APAC", K:K> 5000), AND(L:L="EU", K:K> 6000), AND(L:L="US", K:K> 7000)), 1, 0) -> 0 | O31: =IF(OR(G31>=70, F31="CHARGEBACK"), 1, 0) -> 0

Sheet Rates
A1: rate_date | B1: currency | C1: usd_rate
A2: 46082 | B2: INR | C2: 0.0119
A3: 46082 | B3: EUR | C3: 1.08
A4: 46082 | B4: USD | C4: 1
A5: 46083 | B5: INR | C5: 0.012
A6: 46083 | B6: EUR | C6: 1.09
A7: 46083 | B7: USD | C7: 1
A8: 46084 | B8: INR | C8: 0.0121
A9: 46084 | B9: EUR | C9: 1.08
A10: 46084 | B10: USD | C10: 1
A11: 46085 | B11: INR | C11: 0.012
A12: 46085 | B12: EUR | C12: 1.07
A13: 46085 | B13: USD | C13: 1
... A19: 46087 | B19: USD | C19: 1

Sheet Merchants
A1: merchant_id | B1: merchant_name | C1: account_manager | D1: merchant_category | E1: default_region
A2: M001 | B2: Alpha Mart | C2: Aisha Khan | D2: Grocery | E2: APAC
A3: M002 | B3: Beta Stores | C3: Rohan Mehta | D3: Electronics | E3: APAC
A4: M003 | B4: City Pharma | C4: Elena Rossi | D4: Healthcare | E4: EU
A5: M004 | B5: Delta Travels | C5: Marcus Lee | D5: Travel | E5: US
A6: M005 | B6: Eco Home | C6: Nina Weber | D6: Home | E6: EU
